{
  "bottom_up_issues": [],
  "bottom_up_valid": true,
  "checked_blocks": 9,
  "cpu_seconds": 607.90625,
  "issues": [],
  "output_file_size": 2521241519,
  "output_sha256": "c8426c567f9e9f76266c16a27184fa9c0e726c82bebc3d0c9028915a864bd2ac",
  "peak_rss": 9971982336,
  "performance": {
    "array_count": 219534,
    "array_value_count": 161457642,
    "association_cpu_seconds": 2.171875,
    "association_seconds": 2.2169278157525696,
    "converter_process_peak_rss": "not_measured",
    "extension_build_cpu_seconds": 6.125,
    "extension_build_seconds": 7.193329699977767,
    "file_checksum_seconds": 4.750472400046419,
    "input_size": 1496082385,
    "inspect_seconds": 0.6039924999931827,
    "mzml_admission_cpu_seconds": 0.453125,
    "mzml_admission_seconds": 0.450695600011386,
    "mzml_block_build_cpu_seconds": 12.53125,
    "mzml_block_build_seconds": 14.208444599993527,
    "mzml_parse_cpu_seconds": 207.984375,
    "mzml_parse_seconds": 220.32697669998743,
    "output_size": 2521241519,
    "parent_process_peak_rss": 9971982336,
    "parquet_batch_count": 40,
    "parquet_parse_cpu_seconds": 66.203125,
    "parquet_parse_seconds": 69.87116028426681,
    "parquet_row_count": 323232,
    "spectrum_count": 109766,
    "temporary_disk_peak": 2521241519,
    "total_seconds": 645.9449505999801,
    "validator_arrays_payload_length": 1291661136,
    "validator_arrays_size": 1343485560,
    "validator_bottom_up_cpu_seconds": 4.390625,
    "validator_bottom_up_extension_read_seconds": 4.290003562346101e-05,
    "validator_bottom_up_relationship_record_count": 362929,
    "validator_bottom_up_source_fields_check_count": 110026,
    "validator_bottom_up_wall_seconds": 4.523390999995172,
    "validator_bytes_read": 1229580359,
    "validator_chunk_size": 262144,
    "validator_core_chromatograms_bytes": 239,
    "validator_core_chromatograms_canonicalize_seconds": 3.7699996028095484e-05,
    "validator_core_chromatograms_cpu_seconds": 0.0,
    "validator_core_chromatograms_decode_seconds": 2.0999577827751637e-06,
    "validator_core_chromatograms_parse_seconds": 7.790001109242439e-05,
    "validator_core_chromatograms_wall_seconds": 0.0011338000185787678,
    "validator_core_precursors_bytes": 22705960,
    "validator_core_precursors_canonicalize_seconds": 1.2269734000437893,
    "validator_core_precursors_cpu_seconds": 1.5625,
    "validator_core_precursors_decode_seconds": 0.008053100027609617,
    "validator_core_precursors_parse_seconds": 0.40584940003464,
    "validator_core_precursors_wall_seconds": 1.690466700005345,
    "validator_core_runs_bytes": 273,
    "validator_core_runs_canonicalize_seconds": 7.890001870691776e-05,
    "validator_core_runs_cpu_seconds": 0.0,
    "validator_core_runs_decode_seconds": 1.800013706088066e-06,
    "validator_core_runs_parse_seconds": 6.910000229254365e-05,
    "validator_core_runs_wall_seconds": 0.0006605999660678208,
    "validator_core_spectra_bytes": 35929320,
    "validator_core_spectra_canonicalize_seconds": 2.0217392000486143,
    "validator_core_spectra_cpu_seconds": 2.53125,
    "validator_core_spectra_decode_seconds": 0.016326999990269542,
    "validator_core_spectra_parse_seconds": 0.6340948000433855,
    "validator_core_spectra_wall_seconds": 2.7663174999761395,
    "validator_cpu_seconds": 117.84375,
    "validator_entry_count": 219534,
    "validator_extensions_bytes": 1096558285,
    "validator_extensions_canonicalize_seconds": 70.46245270001236,
    "validator_extensions_cpu_seconds": 97.90625,
    "validator_extensions_decode_seconds": 0.4272491000010632,
    "validator_extensions_parse_seconds": 28.586037699948065,
    "validator_extensions_wall_seconds": 101.74719260004349,
    "validator_global_meta_bytes": 545,
    "validator_global_meta_canonicalize_seconds": 6.659998325631022e-05,
    "validator_global_meta_cpu_seconds": 0.0,
    "validator_global_meta_decode_seconds": 3.89997148886323e-06,
    "validator_global_meta_parse_seconds": 4.579999949783087e-05,
    "validator_global_meta_wall_seconds": 0.00031100003980100155,
    "validator_indexes_bytes": 17182507,
    "validator_indexes_canonicalize_seconds": 1.3414398999884725,
    "validator_indexes_cpu_seconds": 1.5625,
    "validator_indexes_decode_seconds": 0.004598299972712994,
    "validator_indexes_parse_seconds": 0.3655089999665506,
    "validator_indexes_wall_seconds": 1.7412500000209548,
    "validator_max_single_payload_read": 0,
    "validator_mmap_bytes_visited": 1291661136,
    "validator_numeric_chunk_count": 219534,
    "validator_numeric_validation_backend": "numpy-frombuffer",
    "validator_numeric_value_count": 161457642,
    "validator_payload_access_backend": "mmap",
    "validator_payload_bytes_read": 1291661136,
    "validator_payload_scan_count": 1,
    "validator_read_call_count": 13,
    "validator_relationship_array_count": 219534,
    "validator_relationship_cpu_seconds": 0.71875,
    "validator_relationship_spectrum_count": 109766,
    "validator_relationship_wall_seconds": 0.7141968999640085,
    "validator_string_pool_bytes": 5377313,
    "validator_string_pool_canonicalize_seconds": 0.2411454999819398,
    "validator_string_pool_cpu_seconds": 0.234375,
    "validator_string_pool_decode_seconds": 0.003244900028221309,
    "validator_string_pool_parse_seconds": 0.02669570001307875,
    "validator_string_pool_wall_seconds": 0.2859308000188321,
    "validator_wall_seconds": 123.18715820001671,
    "writer_array_count": 219534,
    "writer_array_pass_count": 2,
    "writer_array_record_loop_count": 439068,
    "writer_array_value_count": 161457642,
    "writer_arrays_directory_checksum_seconds": 18.84562979999464,
    "writer_arrays_payload_bytes": 1291661136,
    "writer_arrays_payload_write_seconds": 20.08595590002369,
    "writer_block_validation_seconds": 0.521275200007949,
    "writer_bytes_written": 2521241519,
    "writer_cpu_seconds": 124.71875,
    "writer_extension_json_bytes": 1096558285,
    "writer_extension_json_serialization_write_seconds": 87.69537059997674,
    "writer_json_blocks_serialization_seconds": 4.777587199991103,
    "writer_wall_seconds": 132.08265990001382,
    "zp_validate_seconds": 129.030945,
    "zp_write_seconds": 138.292642
  },
  "read_bytes": 16322401909,
  "source_after": {
    "file_size": 1496082385,
    "mtime_ns": 1778492280000000000,
    "sha256": "f64a36391ac5ac850b763d6c0cf9ed8eba6217e00f09a900f8686f13e4236418"
  },
  "source_before": {
    "file_size": 1496082385,
    "mtime_ns": 1778492280000000000,
    "sha256": "f64a36391ac5ac850b763d6c0cf9ed8eba6217e00f09a900f8686f13e4236418"
  },
  "valid": true,
  "validation_metrics": {
    "array_values_retained": false,
    "arrays_payload_length": 1291661136,
    "arrays_size": 1343485560,
    "bottom_up_cpu_seconds": 4.390625,
    "bottom_up_extension_read_seconds": 4.290003562346101e-05,
    "bottom_up_relationship_record_count": 362929,
    "bottom_up_source_fields_check_count": 110026,
    "bottom_up_wall_seconds": 4.523390999995172,
    "bytes_read": 1229580359,
    "chunk_size": 262144,
    "core_chromatograms_bytes": 239,
    "core_chromatograms_canonicalize_seconds": 3.7699996028095484e-05,
    "core_chromatograms_cpu_seconds": 0.0,
    "core_chromatograms_decode_seconds": 2.0999577827751637e-06,
    "core_chromatograms_parse_seconds": 7.790001109242439e-05,
    "core_chromatograms_wall_seconds": 0.0011338000185787678,
    "core_precursors_bytes": 22705960,
    "core_precursors_canonicalize_seconds": 1.2269734000437893,
    "core_precursors_cpu_seconds": 1.5625,
    "core_precursors_decode_seconds": 0.008053100027609617,
    "core_precursors_parse_seconds": 0.40584940003464,
    "core_precursors_wall_seconds": 1.690466700005345,
    "core_runs_bytes": 273,
    "core_runs_canonicalize_seconds": 7.890001870691776e-05,
    "core_runs_cpu_seconds": 0.0,
    "core_runs_decode_seconds": 1.800013706088066e-06,
    "core_runs_parse_seconds": 6.910000229254365e-05,
    "core_runs_wall_seconds": 0.0006605999660678208,