{
  "bottom_up_issues": [],
  "bottom_up_valid": true,
  "certificate_valid": true,
  "checked_blocks": 9,
  "cpu_seconds": 219.4375,
  "deep_validation_reused": false,
  "file_sha256": "c8426c567f9e9f76266c16a27184fa9c0e726c82bebc3d0c9028915a864bd2ac",
  "issues": [],
  "metrics": {
    "array_values_retained": false,
    "arrays_payload_length": 1291661136,
    "arrays_size": 1343485560,
    "bottom_up_cpu_seconds": 5.53125,
    "bottom_up_extension_read_seconds": 6.130000110715628e-05,
    "bottom_up_relationship_record_count": 362929,
    "bottom_up_source_fields_check_count": 110026,
    "bottom_up_wall_seconds": 5.871602500032168,
    "bytes_read": 1229580359,
    "chunk_size": 262144,
    "core_chromatograms_bytes": 239,
    "core_chromatograms_canonicalize_seconds": 3.929995000362396e-05,
    "core_chromatograms_cpu_seconds": 0.0,
    "core_chromatograms_decode_seconds": 1.8999562598764896e-06,
    "core_chromatograms_parse_seconds": 3.530003596097231e-05,
    "core_chromatograms_wall_seconds": 0.0011128999758511782,
    "core_precursors_bytes": 22705960,
    "core_precursors_canonicalize_seconds": 1.0905431999708526,
    "core_precursors_cpu_seconds": 1.421875,
    "core_precursors_decode_seconds": 0.007437399995978922,
    "core_precursors_parse_seconds": 0.3019446000107564,
    "core_precursors_wall_seconds": 1.441735400003381,
    "core_runs_bytes": 273,
    "core_runs_canonicalize_seconds": 5.959998816251755e-05,
    "core_runs_cpu_seconds": 0.0,
    "core_runs_decode_seconds": 2.100015990436077e-06,
    "core_runs_parse_seconds": 4.409998655319214e-05,
    "core_runs_wall_seconds": 0.00048779998905956745,
    "core_spectra_bytes": 35929320,
    "core_spectra_canonicalize_seconds": 1.3693249999778345,
    "core_spectra_cpu_seconds": 1.765625,
    "core_spectra_decode_seconds": 0.011259399994742125,
    "core_spectra_parse_seconds": 0.38476580003043637,
    "core_spectra_wall_seconds": 1.8220667999703437,
    "cpu_seconds": 206.78125,
    "entity_counts": {
      "fragment_match": 0,
      "identification": 110026,
      "modification": 25902,
      "peptide": 92704,
      "protein": 8145,
      "protein_group": 8063,
      "quantification": 118089
    },
    "entry_count": 219534,
    "extensions_bytes": 1096558285,
    "extensions_canonicalize_seconds": 68.16025259997696,
    "extensions_cpu_seconds": 90.34375,
    "extensions_decode_seconds": 0.4032794000231661,
    "extensions_parse_seconds": 23.46865490003256,
    "extensions_wall_seconds": 94.31509260000894,
    "full_payload_materialized": false,
    "global_meta_bytes": 545,
    "global_meta_canonicalize_seconds": 3.060000017285347e-05,
    "global_meta_cpu_seconds": 0.0,
    "global_meta_decode_seconds": 1.200009137392044e-06,
    "global_meta_parse_seconds": 1.8499966245144606e-05,
    "global_meta_wall_seconds": 0.00010699999984353781,
    "indexes_bytes": 17182507,
    "indexes_canonicalize_seconds": 1.1731147000100464,
    "indexes_cpu_seconds": 1.4375,
    "indexes_decode_seconds": 0.004515699984040111,
    "indexes_parse_seconds": 0.30522119998931885,
    "indexes_wall_seconds": 1.5098825999884866,
    "max_single_payload_read": 0,
    "mmap_bytes_visited": 1291661136,
    "numeric_chunk_count": 219534,
    "numeric_validation_backend": "numpy-frombuffer",
    "numeric_value_count": 161457642,
    "payload_access_backend": "mmap",
    "payload_bytes_read": 1291661136,
    "payload_scan_count": 1,
    "read_call_count": 13,
    "string_pool_bytes": 5377313,
    "string_pool_canonicalize_seconds": 0.11625589994946495,
    "string_pool_cpu_seconds": 0.140625,
    "string_pool_decode_seconds": 0.0013841000036336482,
    "string_pool_parse_seconds": 0.012003100011497736,
    "string_pool_wall_seconds": 0.13825980003457516,
    "wall_seconds": 218.0819284999743
  },
  "mode": "deep",
  "peak_rss": 7513591808,
  "read_bytes": 3809528396,
  "top_down_issues": [],
  "top_down_valid": null,
  "valid": true,
  "version": 2,
  "wall_seconds": 231.60988430003636,
  "write_bytes": 1361
}
